{
  "TAPASLocalExtraTrees": {
    "avg": {
      "MAE": 390.34219308007556,
      "RMSE": 1031.4981172313758,
      "R2": 0.8747155299320806,
      "MAPE": 1061.0278833824548
    },
    "per_target": {
      "min_altitude_m": {
        "MAE": 0.0,
        "RMSE": 0.0,
        "R2": 1.0,
        "MAPE": 0.0
      },
      "max_altitude_m": {
        "MAE": 473.5924990869205,
        "RMSE": 934.0908032029204,
        "R2": 0.9121001182353903,
        "MAPE": 462.6470057383833
      },
      "recommended_altitude_m": {
        "MAE": 156.5168484266415,
        "RMSE": 274.42802236874587,
        "R2": 0.9870913825785195,
        "MAPE": 149.52462723569798
      },
      "service_ceiling_m": {
        "MAE": 484.383433850824,
        "RMSE": 930.4045889479906,
        "R2": 0.9122119851386556,
        "MAPE": 505.2154389181856
      },
      "absolute_ceiling_m": {
        "MAE": 473.59552824178525,
        "RMSE": 934.1106018945524,
        "R2": 0.9121001922045061,
        "MAPE": 462.8239312722313
      },
      "rate_of_climb_ms": {
        "MAE": 16.468756451149034,
        "RMSE": 78.13804609947304,
        "R2": 0.5205211192475702,
        "MAPE": 206.41324380933153
      },
      "range_km": {
        "MAE": 160.7549465954406,
        "RMSE": 552.9834092962303,
        "R2": 0.7405433939050059,
        "MAPE": 5203.332130150989
      },
      "endurance_hr": {
        "MAE": 2.4113740829860273,
        "RMSE": 11.012591397760728,
        "R2": 0.7381469710225033,
        "MAPE": 5575.4242120935605
      },
      "power_required_w": {
        "MAE": 2469.343456766226,
        "RMSE": 7710.170752622732,
        "R2": 0.9520560988135213,
        "MAPE": 35.793345763334294
      },
      "lift_n": {
        "MAE": 397.05270981198885,
        "RMSE": 811.8430514154401,
        "R2": 0.9959326989154856,
        "MAPE": 56.37399638091204
      },
      "drag_n": {
        "MAE": 48.40499238647165,
        "RMSE": 137.94348277358276,
        "R2": 0.9569338324611119,
        "MAPE": 26.872654656962077
      },
      "l_over_d": {
        "MAE": 1.5817712604735081,
        "RMSE": 2.8520567570835857,
        "R2": 0.8689485666626959,
        "MAPE": 47.91401456987309
      }
    },
    "train_seconds": 0.39,
    "note": "ExtraTrees trained on base synthetic data plus 4000 TAPAS-scale nearby physics samples; the exact TAPAS preset is intentionally excluded."
  }
}