{
  "best_model_name": "TAPASLocalExtraTrees",
  "feature_columns": [
    "mass_kg",
    "payload_kg",
    "wing_area_m2",
    "l_over_d",
    "cd0",
    "cruise_speed_ms",
    "air_density_kg_m3",
    "sfc_kg_per_n_s",
    "thrust_to_weight",
    "propulsion_efficiency",
    "fuel_capacity_l",
    "propeller_diameter_m",
    "battery_wh",
    "battery_soc",
    "aux_power_w"
  ],
  "target_columns": [
    "min_altitude_m",
    "max_altitude_m",
    "recommended_altitude_m",
    "service_ceiling_m",
    "absolute_ceiling_m",
    "rate_of_climb_ms",
    "range_km",
    "endurance_hr",
    "power_required_w",
    "lift_n",
    "drag_n",
    "l_over_d"
  ],
  "safety_classifier_accuracy": 0.9629411764705882,
  "safety_classes": {
    "0": "SAFE",
    "1": "CAUTION",
    "2": "CRITICAL"
  },
  "permutation_importance": {
    "mass_kg": 0.17907018239078398,
    "payload_kg": 0.03856063456036155,
    "wing_area_m2": 0.2203501695862471,
    "l_over_d": 0.04866677854776283,
    "cd0": 0.026483816476246373,
    "cruise_speed_ms": 0.09976658628692077,
    "air_density_kg_m3": 0.02729912426586493,
    "sfc_kg_per_n_s": 0.2090343357639122,
    "thrust_to_weight": 0.007741385109846003,
    "propulsion_efficiency": 0.011958867353312202,
    "fuel_capacity_l": 0.024031175505839057,
    "propeller_diameter_m": 0.00383459839504675,
    "battery_wh": 0.08457888192217491,
    "battery_soc": 0.009263677541793445,
    "aux_power_w": 0.009359786293887866
  },
  "native_feature_importance": {
    "mass_kg": 0.17907018239078398,
    "payload_kg": 0.03856063456036155,
    "wing_area_m2": 0.2203501695862471,
    "l_over_d": 0.04866677854776283,
    "cd0": 0.026483816476246373,
    "cruise_speed_ms": 0.09976658628692077,
    "air_density_kg_m3": 0.02729912426586493,
    "sfc_kg_per_n_s": 0.2090343357639122,
    "thrust_to_weight": 0.007741385109846003,
    "propulsion_efficiency": 0.011958867353312202,
    "fuel_capacity_l": 0.024031175505839057,
    "propeller_diameter_m": 0.00383459839504675,
    "battery_wh": 0.08457888192217491,
    "battery_soc": 0.009263677541793445,
    "aux_power_w": 0.009359786293887866
  },
  "n_train": 13600,
  "n_test": 3400,
  "data_source": "synthetic_plus_tapas_local_augmentation"
}