{
  "best_model_name": "TAPASLocalExtraTrees",
  "feature_columns": [
    "mass_kg",
    "payload_kg",
    "wing_area_m2",
    "l_over_d",
    "cd0",
    "cruise_speed_ms",
    "air_density_kg_m3",
    "sfc_kg_per_n_s",
    "thrust_to_weight",
    "propulsion_efficiency",
    "fuel_capacity_l",
    "propeller_diameter_m",
    "battery_wh",
    "battery_soc",
    "aux_power_w"
  ],
  "target_columns": [
    "min_altitude_m",
    "max_altitude_m",
    "recommended_altitude_m",
    "service_ceiling_m",
    "absolute_ceiling_m",
    "rate_of_climb_ms",
    "range_km",
    "endurance_hr",
    "power_required_w",
    "lift_n",
    "drag_n",
    "l_over_d"
  ],
  "safety_classifier_accuracy": 0.927,
  "safety_classes": {
    "0": "SAFE",
    "1": "CAUTION",
    "2": "CRITICAL"
  },
  "permutation_importance": {
    "mass_kg": 0.17728529804135257,
    "payload_kg": 0.03251486340692615,
    "wing_area_m2": 0.3702651999235825,
    "l_over_d": 0.03438607295023251,
    "cd0": 0.06214579065418696,
    "cruise_speed_ms": 0.20018840388311868,
    "air_density_kg_m3": 0.037377587826200855,
    "sfc_kg_per_n_s": 0.0016286037715188453,
    "thrust_to_weight": 0.0018161058461471642,
    "propulsion_efficiency": 0.001778486761741011,
    "fuel_capacity_l": 0.017459620640123994,
    "propeller_diameter_m": 0.0013768743949587304,
    "battery_wh": 0.05697959921361467,
    "battery_soc": 0.0029469684334838433,
    "aux_power_w": 0.0018505242528116517
  },
  "native_feature_importance": {
    "mass_kg": 0.17728529804135257,
    "payload_kg": 0.03251486340692615,
    "wing_area_m2": 0.3702651999235825,
    "l_over_d": 0.03438607295023251,
    "cd0": 0.06214579065418696,
    "cruise_speed_ms": 0.20018840388311868,
    "air_density_kg_m3": 0.037377587826200855,
    "sfc_kg_per_n_s": 0.0016286037715188453,
    "thrust_to_weight": 0.0018161058461471642,
    "propulsion_efficiency": 0.001778486761741011,
    "fuel_capacity_l": 0.017459620640123994,
    "propeller_diameter_m": 0.0013768743949587304,
    "battery_wh": 0.05697959921361467,
    "battery_soc": 0.0029469684334838433,
    "aux_power_w": 0.0018505242528116517
  },
  "n_train": 8000,
  "n_test": 2000,
  "data_source": "synthetic_plus_tapas_local_augmentation"
}