{
  "TAPASLocalExtraTrees": {
    "avg": {
      "MAE": 597.4729227166958,
      "RMSE": 5808.284366319041,
      "R2": 0.7848888411243018,
      "MAPE": 132.55405512590417
    },
    "per_target": {
      "min_altitude_m": {
        "MAE": 0.0,
        "RMSE": 0.0,
        "R2": 1.0,
        "MAPE": 0.0
      },
      "max_altitude_m": {
        "MAE": 476.4151609267351,
        "RMSE": 693.4633663789424,
        "R2": 0.9277919812827966,
        "MAPE": 319.1528884127098
      },
      "recommended_altitude_m": {
        "MAE": 249.20389683371215,
        "RMSE": 396.6621250411049,
        "R2": 0.9474264912222153,
        "MAPE": 216.22377846945145
      },
      "service_ceiling_m": {
        "MAE": 484.9503646956509,
        "RMSE": 710.6038110207676,
        "R2": 0.9240665145743336,
        "MAPE": 335.2291960209429
      },
      "absolute_ceiling_m": {
        "MAE": 476.4464021129377,
        "RMSE": 693.5080917594411,
        "R2": 0.927784328675107,
        "MAPE": 319.22594597455975
      },
      "rate_of_climb_ms": {
        "MAE": 5.40619827857048,
        "RMSE": 40.14354356698093,
        "R2": 0.4579759313277296,
        "MAPE": 83.80590007131885
      },
      "range_km": {
        "MAE": 2975.622222335428,
        "RMSE": 60762.83308799771,
        "R2": 0.23795788478250268,
        "MAPE": 102.8640859475742
      },
      "endurance_hr": {
        "MAE": 27.28422291220638,
        "RMSE": 586.0863895119164,
        "R2": 0.1695474387226985,
        "MAPE": 102.66715122849872
      },
      "power_required_w": {
        "MAE": 2048.0433062457614,
        "RMSE": 4999.638674651778,
        "R2": 0.954286119471824,
        "MAPE": 47.43465305543417
      },
      "lift_n": {
        "MAE": 386.9640820830722,
        "RMSE": 731.8121899448163,
        "R2": 0.9941797188934005,
        "MAPE": 26.75282900269977
      },
      "drag_n": {
        "MAE": 38.66853665253383,
        "RMSE": 83.27290072408177,
        "R2": 0.9659022344728861,
        "MAPE": 21.433553387586173
      },
      "l_over_d": {
        "MAE": 0.6706795237434462,
        "RMSE": 1.3882152309476725,
        "R2": 0.911747450066128,
        "MAPE": 15.858679940073857
      }
    },
    "train_seconds": 0.35,
    "note": "ExtraTrees trained on base synthetic data plus 14500 TAPAS-scale nearby physics samples; the exact TAPAS preset is intentionally excluded."
  }
}