{
  "TAPASLocalExtraTrees": {
    "avg": {
      "MAE": 303.67654141611234,
      "RMSE": 864.3723309637609,
      "R2": 0.8926306314175436,
      "MAPE": 798.2311009533863
    },
    "per_target": {
      "min_altitude_m": {
        "MAE": 0.0,
        "RMSE": 0.0,
        "R2": 1.0,
        "MAPE": 0.0
      },
      "max_altitude_m": {
        "MAE": 384.2328060846561,
        "RMSE": 845.2635562371094,
        "R2": 0.9280228928389007,
        "MAPE": 394.6429650555535
      },
      "recommended_altitude_m": {
        "MAE": 105.24538981481481,
        "RMSE": 211.6717109288593,
        "R2": 0.992320225676489,
        "MAPE": 95.94982050527705
      },
      "service_ceiling_m": {
        "MAE": 401.3544973076375,
        "RMSE": 846.289804098265,
        "R2": 0.9273677064662214,
        "MAPE": 455.9271143136251
      },
      "absolute_ceiling_m": {
        "MAE": 384.2170356827831,
        "RMSE": 845.2405721627039,
        "R2": 0.9280299186409093,
        "MAPE": 394.7802043051878
      },
      "rate_of_climb_ms": {
        "MAE": 15.39639137033045,
        "RMSE": 73.27562545619438,
        "R2": 0.5783389782451007,
        "MAPE": 199.96970032625367
      },
      "range_km": {
        "MAE": 138.3111467320237,
        "RMSE": 518.5231066000514,
        "R2": 0.7718729638688175,
        "MAPE": 3903.6993476865605
      },
      "endurance_hr": {
        "MAE": 2.183264740013553,
        "RMSE": 10.965496264197899,
        "R2": 0.7403818009807603,
        "MAPE": 4017.945766895097
      },
      "power_required_w": {
        "MAE": 1881.0839060614253,
        "RMSE": 6243.442724640548,
        "R2": 0.9685620918231,
        "MAPE": 23.88380628573828
      },
      "lift_n": {
        "MAE": 293.8651065731139,
        "RMSE": 662.725804946839,
        "R2": 0.9972896215892951,
        "MAPE": 38.714942934043286
      },
      "drag_n": {
        "MAE": 37.000542687038816,
        "RMSE": 112.68147300793892,
        "R2": 0.9712631683866049,
        "MAPE": 19.123526167972518
      },
      "l_over_d": {
        "MAE": 1.2284099395108965,
        "RMSE": 2.3880972224245904,
        "R2": 0.9081182084943235,
        "MAPE": 34.13601696532827
      }
    },
    "train_seconds": 3.53,
    "note": "ExtraTrees trained on base synthetic data plus 4000 TAPAS-scale nearby physics samples; the exact TAPAS preset is intentionally excluded."
  }
}