{
  "TAPASLocalExtraTrees": {
    "avg": {
      "MAE": 431.7374560335627,
      "RMSE": 5386.5184017997035,
      "R2": 0.8164983994358268,
      "MAPE": 89.94446262178872
    },
    "per_target": {
      "min_altitude_m": {
        "MAE": 0.0,
        "RMSE": 0.0,
        "R2": 1.0,
        "MAPE": 0.0
      },
      "max_altitude_m": {
        "MAE": 296.8738040375272,
        "RMSE": 542.9899644963884,
        "R2": 0.9557287292694224,
        "MAPE": 202.64548721321333
      },
      "recommended_altitude_m": {
        "MAE": 142.66784216390067,
        "RMSE": 283.7515016279858,
        "R2": 0.9730969306209953,
        "MAPE": 124.23744522932199
      },
      "service_ceiling_m": {
        "MAE": 305.4103158109408,
        "RMSE": 564.0158032345613,
        "R2": 0.9521633436899914,
        "MAPE": 219.50696045028027
      },
      "absolute_ceiling_m": {
        "MAE": 296.90103898214335,
        "RMSE": 543.017188001434,
        "R2": 0.9557253088576717,
        "MAPE": 202.72274022611975
      },
      "rate_of_climb_ms": {
        "MAE": 5.041469368765164,
        "RMSE": 36.860391761736985,
        "R2": 0.5430096250113816,
        "MAPE": 71.04759836039621
      },
      "range_km": {
        "MAE": 2718.9263552757493,
        "RMSE": 57589.129530925886,
        "R2": 0.3154834189039436,
        "MAPE": 91.3322910001493
      },
      "endurance_hr": {
        "MAE": 25.583736575162852,
        "RMSE": 571.6262764366938,
        "R2": 0.21002031138573984,
        "MAPE": 90.79259017302293
      },
      "power_required_w": {
        "MAE": 1151.6839234386543,
        "RMSE": 3900.300474754629,
        "R2": 0.9721793685566,
        "MAPE": 30.124340774586187
      },
      "lift_n": {
        "MAE": 216.19667940697036,
        "RMSE": 539.7211493700661,
        "R2": 0.9968341994149273,
        "MAPE": 20.380170727621838
      },
      "drag_n": {
        "MAE": 21.157301701979346,
        "RMSE": 65.71235918356768,
        "R2": 0.9787669367951702,
        "MAPE": 15.26371625919804
      },
      "l_over_d": {
        "MAE": 0.4070056409590345,
        "RMSE": 1.0961818034885202,
        "R2": 0.9449726207240785,
        "MAPE": 11.280211047554657
      }
    },
    "train_seconds": 1.82,
    "note": "ExtraTrees trained on base synthetic data plus 14500 TAPAS-scale nearby physics samples; the exact TAPAS preset is intentionally excluded."
  }
}