{
  "best_model_name": "TAPASLocalExtraTrees",
  "feature_columns": [
    "mass_kg",
    "payload_kg",
    "wing_area_m2",
    "l_over_d",
    "cd0",
    "cruise_speed_ms",
    "air_density_kg_m3",
    "sfc_kg_per_n_s",
    "thrust_to_weight",
    "propulsion_efficiency",
    "fuel_capacity_l",
    "propeller_diameter_m",
    "battery_wh",
    "battery_soc",
    "aux_power_w"
  ],
  "target_columns": [
    "min_altitude_m",
    "max_altitude_m",
    "recommended_altitude_m",
    "service_ceiling_m",
    "absolute_ceiling_m",
    "rate_of_climb_ms",
    "range_km",
    "endurance_hr",
    "power_required_w",
    "lift_n",
    "drag_n",
    "l_over_d"
  ],
  "safety_classifier_accuracy": 0.9629411764705882,
  "safety_classes": {
    "0": "SAFE",
    "1": "CAUTION",
    "2": "CRITICAL"
  },
  "permutation_importance": {
    "mass_kg": 0.1875888618253477,
    "payload_kg": 0.04262743792224759,
    "wing_area_m2": 0.18641413683243702,
    "l_over_d": 0.060433949275113086,
    "cd0": 0.03076734709226691,
    "cruise_speed_ms": 0.10504463510042689,
    "air_density_kg_m3": 0.027329868430827537,
    "sfc_kg_per_n_s": 0.20679569973522344,
    "thrust_to_weight": 0.01126894139772363,
    "propulsion_efficiency": 0.01821512280383844,
    "fuel_capacity_l": 0.029576995462301355,
    "propeller_diameter_m": 0.009158172565978128,
    "battery_wh": 0.059591187622620445,
    "battery_soc": 0.01251803741894056,
    "aux_power_w": 0.012669606514707448
  },
  "native_feature_importance": {
    "mass_kg": 0.1875888618253477,
    "payload_kg": 0.04262743792224759,
    "wing_area_m2": 0.18641413683243702,
    "l_over_d": 0.060433949275113086,
    "cd0": 0.03076734709226691,
    "cruise_speed_ms": 0.10504463510042689,
    "air_density_kg_m3": 0.027329868430827537,
    "sfc_kg_per_n_s": 0.20679569973522344,
    "thrust_to_weight": 0.01126894139772363,
    "propulsion_efficiency": 0.01821512280383844,
    "fuel_capacity_l": 0.029576995462301355,
    "propeller_diameter_m": 0.009158172565978128,
    "battery_wh": 0.059591187622620445,
    "battery_soc": 0.01251803741894056,
    "aux_power_w": 0.012669606514707448
  },
  "n_train": 13600,
  "n_test": 3400,
  "data_source": "synthetic_plus_tapas_local_augmentation"
}