{
  "best_model_name": "TAPASLocalExtraTrees",
  "feature_columns": [
    "mass_kg",
    "payload_kg",
    "wing_area_m2",
    "l_over_d",
    "cd0",
    "cruise_speed_ms",
    "air_density_kg_m3",
    "sfc_kg_per_n_s",
    "thrust_to_weight",
    "propulsion_efficiency",
    "fuel_capacity_l",
    "propeller_diameter_m",
    "battery_wh",
    "battery_soc",
    "aux_power_w"
  ],
  "target_columns": [
    "min_altitude_m",
    "max_altitude_m",
    "recommended_altitude_m",
    "service_ceiling_m",
    "absolute_ceiling_m",
    "rate_of_climb_ms",
    "range_km",
    "endurance_hr",
    "power_required_w",
    "lift_n",
    "drag_n",
    "l_over_d"
  ],
  "safety_classifier_accuracy": 0.933,
  "safety_classes": {
    "0": "SAFE",
    "1": "CAUTION",
    "2": "CRITICAL"
  },
  "permutation_importance": {
    "mass_kg": 0.1973212441627391,
    "payload_kg": 0.029064745664596017,
    "wing_area_m2": 0.3592996754847205,
    "l_over_d": 0.03394393969877072,
    "cd0": 0.06944746660221632,
    "cruise_speed_ms": 0.20333115560484405,
    "air_density_kg_m3": 0.03945765128387836,
    "sfc_kg_per_n_s": 0.002542982828953852,
    "thrust_to_weight": 0.002947687936886653,
    "propulsion_efficiency": 0.002916453638846036,
    "fuel_capacity_l": 0.008722425857081134,
    "propeller_diameter_m": 0.0025018826556290306,
    "battery_wh": 0.04302761568810515,
    "battery_soc": 0.0029258408579355493,
    "aux_power_w": 0.002549232034797304
  },
  "native_feature_importance": {
    "mass_kg": 0.1973212441627391,
    "payload_kg": 0.029064745664596017,
    "wing_area_m2": 0.3592996754847205,
    "l_over_d": 0.03394393969877072,
    "cd0": 0.06944746660221632,
    "cruise_speed_ms": 0.20333115560484405,
    "air_density_kg_m3": 0.03945765128387836,
    "sfc_kg_per_n_s": 0.002542982828953852,
    "thrust_to_weight": 0.002947687936886653,
    "propulsion_efficiency": 0.002916453638846036,
    "fuel_capacity_l": 0.008722425857081134,
    "propeller_diameter_m": 0.0025018826556290306,
    "battery_wh": 0.04302761568810515,
    "battery_soc": 0.0029258408579355493,
    "aux_power_w": 0.002549232034797304
  },
  "n_train": 8000,
  "n_test": 2000,
  "data_source": "synthetic_plus_tapas_local_augmentation"
}